{"res_value": "[1.]", "param_relevance": [{"ad_s": 0.15324549491514283, "ad_d": 0.5359889028280026, "patient_status": 0.022525304146521763}]}